customer_id,account_age,monthly_spend,plan_type,support_tickets,churn_label,churn_probability
LOHRYYC9E8,42,11.32195032980162,0,7,0,0.07
RIH7RFEZCS,95,12.8109146006735,2,3,0,0.02
JB5J8X2UY1,6,12.169887642924763,2,4,1,0.31
Z4GZJIB90P,54,17.917818962876396,0,3,0,0.05
B3BDJTW0L9,27,12.169887642924763,0,4,0,0.06
5E4TQK5OVX,71,12.169887642924763,1,6,0,0.07
8VFNZ1M1I9,69,17.145910434759166,0,6,1,0.73
THKWUHOGUL,76,17.46187534634668,1,9,0,0.09
IGZ39O1ROC,8,12.169887642924763,1,3,0,0.11
JHTQYVGRR4,26,19.69926162787429,1,4,1,0.73
W636FZ4VNV,102,12.169887642924763,1,6,1,0.71
CAS3XBFUJG,101,12.169887642924763,2,2,0,0.02
Y66SW76TPC,83,9.270358698753164,2,9,1,0.18
BEREY4ZEQN,10,8.078494236284286,2,2,0,0.12
ORSECJMYNH,8,5.72871245000111,2,0,0,0.03
HI8VKLPO25,6,13.765035665546437,1,1,0,0.13
6RWHGUCAB4,2,12.169887642924763,2,4,0,0.12
7CC943AY0R,83,16.263146505136994,1,7,0,0.02
Y7COZUAXRR,23,13.95714485592174,1,8,0,0.48
7O0U49OF9M,23,12.169887642924763,2,9,0,0.36
KWCJPZTMBZ,24,12.169887642924763,2,1,1,0.62
A92ZOG2V1J,87,15.000899788532776,1,4,0,0.03
RZUWX2CJ0Q,63,6.635013133011577,1,6,0,0.0
VJN9GFI0OP,78,19.852110570721035,0,2,0,0.06
LNQN935XS9,97,13.48847457664928,2,7,1,0.77
S0QK1ZQ4ZB,2,15.426668190323372,1,3,0,0.14
X0MDEL63NZ,85,15.034775599045052,1,2,0,0.04
4T29LDSLLN,89,15.37183293775692,2,6,0,0.04
318N9SO05V,77,7.780374374436769,0,4,1,0.64
CBDV730UOG,113,19.61499197448325,0,3,0,0.06
VCB3X9ZM3S,8,12.169887642924763,1,0,0,0.08
4TXBLWD375,103,10.72652906711127,2,9,0,0.08
J2ZTONJLMC,76,8.794010017425707,0,0,0,0.02
0KJGVNJL8N,106,14.24087124250168,2,3,0,0.02
5JBY0JE8LF,7,12.493820459927742,1,6,0,0.07
56V1FDEX23,82,12.169887642924763,2,0,0,0.03
SCEJCH4OP4,26,12.633261108284174,0,0,1,0.7
EB0W1QH7VZ,66,13.751909490384248,0,6,0,0.04
S5WIVFDNN0,37,15.41815522623574,0,9,0,0.06
AZAQP5JFUX,72,14.910685765173415,0,0,0,0.03
94GUYMPU6T,18,15.622713707928243,2,2,0,0.14
0H9S6H654F,105,14.770331511590785,2,5,0,0.08
FH0H23YW0M,20,6.880638282778266,1,4,0,0.09
IUW1HLES8S,45,18.51943603089383,1,0,1,0.75
E6LQV6844N,15,7.465709217067742,2,6,0,0.21
59G4MT5L0S,74,12.169887642924763,2,8,0,0.11
PRI44P2JBT,46,9.791247181094892,0,6,0,0.09
MMNA6RJYF5,62,9.796647367960356,2,7,0,0.04
HKLEITP1IA,19,18.4359708211912,0,0,0,0.15
T2ED1KDVR6,6,9.523391902793827,1,0,0,0.07
DFIYIYM3TK,23,7.72548589747683,0,0,0,0.15
FZRJKPERVZ,109,11.305518353339531,2,2,0,0.01
OAWTET09CW,26,11.209422074926596,0,0,0,0.12
KM2QC8SV7C,119,13.502818692542355,2,7,0,0.06
U7BU2SCCHI,45,7.738310174232479,0,7,0,0.03
53S9CYHTXM,111,12.169887642924763,1,7,0,0.03
KFXH24VCIX,104,6.732794665165834,1,7,0,0.08
QDLZNIKBDV,110,12.169887642924763,2,5,0,0.05
VOLEP42RI4,67,12.90821229112442,1,1,0,0.1
2PV3FKTEN7,105,5.236173024650985,0,9,0,0.05
BAHIPO8823,45,5.062338714057963,0,4,0,0.05
XIB5D3UHRB,12,19.64808306724581,1,5,0,0.2
G48SX3KH6A,105,9.182763472386728,0,4,0,0.11
8CGM9OR85P,11,12.169887642924763,0,9,0,0.06
ZXKZKRKVDN,52,11.280972210517136,2,1,0,0.06
NF9RGTY4VD,21,16.673054107134362,1,8,0,0.01
YA70YL4HCM,16,9.322244538046045,0,4,0,0.08
RR7DWPO17O,25,14.68055910357458,2,0,0,0.18
HBUU9YXPD0,92,14.776023905141212,1,3,0,0.05
OXNDMG3NC7,80,12.169887642924763,0,7,0,0.09
GBJGLPXBR5,98,7.94007970919259,2,4,0,0.04
PM332INSGW,22,15.205564993669649,0,9,0,0.23
KGZIUGKUB6,19,6.521996932713357,1,7,1,0.74
2DBPXLKT8K,104,8.063300806759333,1,1,0,0.06
55VANP455P,85,12.169887642924763,2,9,0,0.11
3MBK6VMOCV,62,19.156984627671672,2,3,0,0.29
UW8ES4IYMI,1,12.169887642924763,1,9,0,0.1
VPJBEYNWQS,14,14.268111725937782,1,3,1,0.27
5YJC1ZTRTJ,31,17.245287882333926,1,8,1,0.7
HM6617H4JD,86,11.729898655737578,0,4,0,0.01
O3LM1DJEII,33,11.506819737723454,1,2,0,0.08
2LZWV9RQL8,49,8.357330395067056,1,5,0,0.04
V7E9XNI9DF,53,8.920732965150389,2,0,0,0.01
QHBAXJ9D6V,63,9.631315044544966,2,1,0,0.07
9C3BD8HX0R,14,7.969210909385966,1,7,1,0.76
DLTHWP80D3,26,12.169887642924763,0,8,0,0.23
VK85180DSE,2,16.125401389212946,0,2,1,0.83
2P78X3TX9B,15,7.745146161144696,1,9,0,0.06
5CM0GI004I,80,12.762559237031072,1,9,0,0.03
W2YUKP9QMF,93,13.580876198604964,0,4,0,0.07
V6CRGUK7OJ,28,12.169887642924763,1,2,0,0.02
JHYZISEKTU,87,6.800976410758331,1,9,0,0.05
P3ZXPQP59E,58,12.169887642924763,1,8,0,0.08
3U07QWB58B,94,7.489711342172975,2,4,0,0.02
2O9NN81OX5,52,12.169887642924763,0,8,0,0.04
UY02SJT9FM,13,16.749766340499775,2,5,0,0.36
SLTZTHJFZ9,20,12.169887642924763,1,4,1,0.67
4R07E19QKU,103,16.514646857031412,1,1,0,0.09
MH6D9EWVID,62,12.169887642924763,0,4,0,0.02
7HY2MOSDW6,23,12.169887642924763,2,9,0,0.07
ZTOJZGRVC4,65,18.27930491357521,2,9,0,0.04
A931RZPGP2,75,13.30898090330066,0,5,0,0.05
R4SINC9IQZ,43,7.680618304577466,2,0,0,0.05
7NXSSI06MN,45,14.303487059125194,1,6,0,0.11
DM6BMTS1AS,48,18.780445107422267,2,2,0,0.08
KBG5OB2YIW,19,12.169887642924763,0,8,0,0.11
RSZFX28GG3,39,12.169887642924763,1,9,1,0.72
4PCP1V37SI,44,12.169887642924763,1,9,0,0.07
SCFG260GEA,31,5.463793811782976,2,5,0,0.13
NRLC9JJS9S,71,5.084423904802613,2,2,0,0.04
B6SIIXSQOS,5,12.169887642924763,1,2,0,0.08
J647T7HQQL,43,8.865387683501357,1,8,0,0.02
AH3L1MRZRR,64,6.190149535602858,1,0,0,0.13
4PX89Y1RQA,80,12.169887642924763,1,0,0,0.06
3FDWNZRH2D,106,18.95105440126732,0,5,0,0.05
Y7Q0UE0U1M,46,10.128836100800292,1,9,0,0.09
HN78JG14TS,9,12.169887642924763,1,6,0,0.14
74YHNQ6G75,100,12.169887642924763,1,0,0,0.07
RLNIID3XWT,98,19.02152488578505,0,9,1,0.76
87D7OLH270,39,7.520022143067342,1,0,0,0.07
P6L806SMU4,70,10.482003484994912,2,8,1,0.67
FCTLMSLMQJ,29,9.610559155800727,2,5,0,0.21
G3AKTVZVV9,92,10.364502517846944,1,0,0,0.03
7L6GJZ94PQ,109,7.418513931584568,0,1,0,0.03
Z8H53DC791,92,14.450433995442438,1,8,0,0.23
MSSFBJYVA5,16,5.173754551461478,1,3,0,0.19
UMFLMSRD0Q,47,8.922393723561846,2,6,0,0.12
YSBXJUEX0T,40,13.607754438358882,2,0,0,0.13
4RAT7BS0L4,81,10.975714331761695,1,1,0,0.04
QMSBTHUBOD,118,10.477516749557084,0,5,0,0.03
1LI3AQJFP6,13,18.409014051747683,2,0,0,0.11
P0UW71OPWI,103,16.198210690955932,2,5,0,0.03
4C9VVJ76OX,82,14.215460489603572,1,3,0,0.02
D36302KBBA,2,6.895624252307624,0,0,1,0.76
FS3L3723G0,86,10.32131524641283,2,8,0,0.08
3OYMTQDGCI,80,12.99789303201885,2,5,0,0.13
PQ3OE3IV47,94,11.45367236984088,1,1,0,0.0
959FN5DIWG,93,19.6513614264696,2,8,0,0.06
76ILSKGTXV,95,12.169887642924763,2,4,0,0.04
CCZLTRQXUN,97,18.741364823706007,2,3,0,0.03
RW8BHOP2GW,85,16.06581166298571,2,1,1,0.06
NWRCRG0LLN,5,18.401244873390283,0,3,0,0.13
0N2YDSLDKE,104,9.660164387065931,0,6,0,0.17
8Y4EB81DID,96,11.310696886913192,1,6,0,0.05
W4D82JGRSR,84,18.65108583639656,2,5,1,0.25
86F5GYIU4B,10,12.169887642924763,2,7,0,0.02
GSY02BHXUI,70,17.11669827429529,0,0,0,0.04
T5A5GUDGHH,96,5.126881608910928,1,4,0,0.04
JXCF0T7PWE,55,12.228522320554733,0,7,1,0.55
1SEDHZRPXU,109,8.024188057163144,1,3,0,0.08
3KLVFZM7OJ,117,18.625728153333483,2,5,0,0.09
68ZNRI2572,74,9.040513990630396,0,2,0,0.03
W813C4GC5Q,77,12.169887642924763,2,9,0,0.04
570S7DXPHT,74,9.687673669390394,0,5,1,0.58
UOVRUIE484,89,11.538943079309188,1,7,0,0.16
1QFYKNRAMM,110,13.275556672453767,1,6,0,0.0
FKYXDCALD8,14,12.169887642924763,1,4,0,0.02
YFT2PG26WZ,63,12.169887642924763,1,8,0,0.12
CS2FZRYU8L,102,12.169887642924763,0,6,0,0.14
XQ9ABXGKJ2,45,13.073215564280291,0,1,0,0.11
2320A0GXKQ,59,12.169887642924763,0,1,1,0.77
MGW74TNB92,115,5.683634966215998,2,4,0,0.02
V8CKCGJ5E8,99,17.856791113328292,2,9,0,0.03
S16BCT80VU,73,5.755528321486168,0,4,0,0.11
BMKC2PJE7U,62,11.001062848759512,0,0,0,0.0
191490BP7I,6,7.153641033648821,2,7,0,0.13
66V1KPHQMM,93,10.190029622580925,0,0,0,0.05
G55J3RXYSJ,30,12.169717082033609,1,6,0,0.08
CLJPBTJR01,5,8.91888499717453,1,5,1,0.42
RFQJOFKVYH,94,7.626840924543419,0,1,1,0.72
TCI2ZYA2OH,85,12.169887642924763,1,2,0,0.02
QTQ705NK8P,49,14.9659314100172,1,6,0,0.03
6OAKAQPYJI,98,17.5674048013296,2,3,0,0.06
X8S5TM85UM,34,18.321479206998056,2,0,0,0.12
YSXKQ3NPQY,109,13.185877501378965,1,4,0,0.03
AWOJ9P08XG,106,10.235452915438415,0,9,1,0.71
4HWEZXFWH7,9,19.00963683186413,0,0,0,0.15
08SXSQQO8U,27,9.704060053309195,1,7,0,0.09
FU217ZFBHN,116,14.565174916775096,2,2,0,0.05
OX3OJ9LAOC,66,18.637751030628618,1,9,0,0.08
768I1YHH7G,44,12.746554596247588,1,5,0,0.07
VLBQICLTAV,82,12.169887642924763,1,8,0,0.05
WWD6Y3ULXF,12,13.769556901928512,0,7,1,0.63
2S21P19IE6,3,15.457440717264856,2,5,0,0.11
S96XIOR9FL,90,5.594978677090683,1,2,0,0.01
G5BUY00PBY,49,5.223486200101787,2,6,0,0.09
FGMG7KDSFT,80,12.169887642924763,1,0,0,0.01
YRVS588TVB,20,7.702870791596992,0,2,0,0.16
FFEZ8R3G30,70,13.904923667806695,2,9,1,0.71
R9VPT2RPRA,32,18.37299143591155,1,3,0,0.11
ZKH0WXMBF8,99,12.169887642924763,2,7,1,0.65
SSD3NJ3SCF,2,12.169887642924763,2,2,0,0.26
O1DY5I2K38,25,17.780245007636474,1,0,0,0.38
TGEF0EK30G,2,12.169887642924763,2,8,1,0.68
215HXHXMIP,42,19.76660767352584,2,4,0,0.14
F144Y0MZYF,9,5.810228267555019,2,2,0,0.15
9Q7PGYX2ML,113,12.169887642924763,1,9,0,0.08
5S8VIJ1SPR,36,12.169887642924763,1,7,0,0.18
BSJOYKXFOF,12,16.67472076844671,2,7,1,0.8
5QHZAWJTSK,37,7.119745185326482,0,9,0,0.18
FWE2IWZ2IY,90,13.18911775823716,1,1,0,0.01
R5WTS42FQX,8,9.776640943909502,1,2,0,0.17
AFSTLSA6VX,88,15.868059545188608,1,6,0,0.08
7PFAESWLUG,97,12.240919672990586,0,1,0,0.06
CP0X04KOHF,76,7.3553712868806524,0,2,0,0.01
UX0P88HD6V,89,8.685508091710805,1,7,0,0.04
88RTQHPWSG,70,8.912613505348776,1,9,0,0.11
5OCID8BHEW,68,14.440255288281454,2,2,0,0.07
YUFCD3JN10,74,12.169887642924763,1,1,0,0.02
Z063Z6FRXV,12,16.314228924852024,2,9,0,0.16
V7MPOFNWOL,26,14.132707374877706,2,0,0,0.13
OLOK1MPMO0,48,12.476920384257989,1,4,0,0.0
0SP0JX7K3P,8,7.044229777436573,1,1,0,0.05
TFCWJR9ERG,87,5.857584261758131,2,8,0,0.02
OEQMIG31TH,79,9.076915258016864,2,4,0,0.06
7J5ERF1RP7,28,17.29895331208953,1,5,1,0.33
VZNFPQ7OPL,29,19.773064399958965,1,7,0,0.08
AYRVF49YC9,97,7.526143640775349,1,8,0,0.02
6NXDS63B13,31,10.579376460784838,0,1,0,0.07
H6VMPX84E9,62,12.169887642924763,1,7,0,0.03
BLGA7AOJHI,94,9.334496818057136,1,7,0,0.03
V36SY33B4H,40,7.738245310291017,1,2,0,0.15
LB2MHX8FEB,64,12.169887642924763,1,9,0,0.08
YC0L35CZIF,96,12.169887642924763,1,2,0,0.13
X6S7FH7IWY,116,15.577696991914488,2,9,1,0.56
DACORV2BKQ,58,12.169887642924763,0,3,0,0.05
N5TQ6QRKTP,13,18.30305654137992,1,0,0,0.33
5XB2ABJNMG,110,18.57939770826753,2,2,0,0.07
99JDHBH75L,28,18.353752061229297,1,8,1,0.5
ZF9I4H4P59,15,13.564155215103437,1,7,1,0.8
99JBII1AWD,69,9.32383135193917,0,1,0,0.03
D17A5U1OJS,105,14.24683607150411,2,9,0,0.11
MX66HEBBSJ,63,9.720474729934212,1,0,0,0.09
FMP6QS9A7C,112,19.858931903574835,1,8,0,0.11
E2IE1IRI9S,35,18.39223427393643,1,6,0,0.21
V2Z7KTL03M,7,12.169887642924763,0,9,1,0.71
6913KN86KU,1,11.5828816951487,2,8,0,0.11
LXNJ66WZ7B,53,6.447270605261618,2,9,0,0.11
ALYMWR7W6O,37,12.169887642924763,0,0,0,0.2
YIDW19N83Z,44,17.03210470880193,2,1,0,0.37
E983P7PY52,107,9.840610913426302,1,5,1,0.66
LCQ99APM9V,19,6.961005494352552,1,0,0,0.09
1HTWTCLURB,24,15.139478276767408,2,1,0,0.04
6OB63KC191,17,17.470987969176953,1,1,0,0.09
IBFCQKDH1T,73,12.040512290830616,2,6,0,0.18
ZV78E41WP4,94,12.169887642924763,1,5,0,0.05
7VEWYVW0OE,53,6.925092845692477,1,0,0,0.04
79I6EYWF7V,28,10.900560073922854,1,9,1,0.86
5WET5CW3YP,11,12.169887642924763,0,8,1,0.68
9Q1P61OLQP,60,17.453064524490756,2,8,0,0.02
ORTIRMKBBH,111,17.97268093698692,2,4,0,0.05
I7T48I0NC7,114,18.935998822165185,2,2,0,0.05
WW6U8YQ5DL,77,17.725348670253037,1,2,0,0.05
CV9FGMWS9E,62,7.424946841312763,1,6,0,0.06
EY29CCDIS2,27,16.09704491163904,1,0,0,0.12
Y7HJ3BEVOR,84,7.874547284455263,1,5,0,0.04
RD5FFJ532Q,91,14.768163644311086,0,0,0,0.04
Z1SDMRYG3K,57,6.705564802482018,1,2,0,0.07
PANUHY0K9R,108,15.022740972456122,0,4,0,0.07
SKB6Q90WV3,7,8.927906144590636,0,1,1,0.76
4468G8KNMM,47,13.102949447032763,0,1,0,0.03
5W8I9QOUMH,30,15.205468462745536,2,9,1,0.63
C08JO27O1S,85,12.169887642924763,0,6,0,0.07
MGHLPNA0DB,105,12.690365928607092,2,7,0,0.05
T91XWC5Z8S,51,12.169887642924763,0,4,0,0.03
O04GL1CJXC,73,12.169887642924763,1,4,0,0.02
Q8FHDK59AH,46,12.058570202275362,0,8,1,0.65
LU1UWBW0SJ,7,12.942528402670495,1,8,0,0.01
B4X6BWEJ3O,71,12.169887642924763,1,5,0,0.05
BXICXP3AD7,94,9.869606637835751,0,4,0,0.05
3HSZUJ4N4F,23,9.335622828071823,0,9,0,0.04
SWD7LYTD9E,65,5.491643529520903,1,1,0,0.03
WNYX39NL5W,73,12.169887642924763,2,4,0,0.04
PAPP9BNPZA,118,11.312002404336855,1,5,0,0.06
3G8L5NAW23,89,8.18272198418829,2,7,0,0.12
1KB02AC1A8,105,8.88581041235452,1,7,0,0.11
KJ4SW2VMY4,97,10.577580395112877,0,9,0,0.06
84IZQT91G0,39,16.892812718998744,1,0,0,0.1
VCUEFFSXD0,106,9.755786913261568,0,6,0,0.02
BDVE7NSJGZ,88,12.169887642924763,2,2,0,0.04
KS4HZSUQP3,69,15.303431624999163,0,3,0,0.02
UR74N2FR4T,106,12.808107909816668,2,4,0,0.1
UODYGBU9LQ,37,13.882623628482191,0,2,0,0.04
66I6XTWLX8,76,12.169887642924763,2,8,0,0.0
MBW4492OHO,62,19.66108871859693,0,7,0,0.13
SEAZXTCVV5,82,12.169887642924763,2,6,0,0.02
0QNQARS50C,55,18.957842182710028,1,4,0,0.12
RZUB4PA36O,109,13.850735425206969,2,0,0,0.07
SC0PFQVRQP,93,12.169887642924763,0,5,0,0.02
KO08A4M1MO,28,12.567639206076333,2,0,0,0.09
ZO073B6JIP,78,12.768163160294566,1,2,0,0.07
VGPR4ZHOZK,37,8.406970360937345,1,5,0,0.02
TDS79JX46W,112,15.430653236032258,1,1,0,0.04
ZY3BIDO8KR,68,12.169887642924763,0,7,0,0.01
ID5EBX9Y32,69,7.345694722673898,1,5,0,0.0
AAPUO6PL66,39,12.169887642924763,2,2,0,0.11
EZMIIGEQ6B,5,16.778901624807826,2,9,0,0.32
ZZ4G2TMF8P,50,10.810084937778171,1,8,0,0.14
YDZFY4XDSU,90,15.208708749439475,1,2,1,0.28
P7Z356X98F,99,9.945576014294076,2,0,0,0.01
6OEX5I7KNV,44,6.479454972507651,0,4,0,0.05
ARFC3VKEJ3,8,5.656137699264453,1,0,1,0.31
T68NQTTHB7,64,10.631711158221233,1,1,0,0.0
7LMVU1UZ5R,76,11.96097603783746,2,4,0,0.03
UAG9XD3D47,27,15.751104387822997,0,4,1,0.09
W60OAVLA7F,96,17.316464817681638,1,2,0,0.02
15LZ668ACH,5,12.169887642924763,1,3,0,0.01
6VN1H5NMZH,51,12.169887642924763,2,7,0,0.04
LY9P4R42SL,74,17.3699651309039,2,7,0,0.1
FW1PIPB7B1,37,10.379321362210224,0,2,0,0.03
5GM6WR4QLT,97,19.83052644504464,2,0,0,0.08
3TRZWIDJYO,50,7.281704254617344,1,4,0,0.06
PNHCK6FRBW,15,6.391937862223744,0,8,0,0.06
GX1QDGUH7L,29,12.998426607572249,1,5,1,0.05
VKYB0IEH6R,47,17.726918093282382,1,6,1,0.71
YHYDXDWGKJ,22,12.169887642924763,1,8,0,0.02
0V7T4OUFKT,29,10.2158199227341,1,3,0,0.1
CLZ1M9MYQK,34,12.169887642924763,2,9,0,0.11
97LVWKGWW4,82,8.590904340661071,1,5,0,0.11
TAPMGBC8KI,92,12.169887642924763,1,3,0,0.34
KM3SRQLGCY,81,13.802577582221666,2,1,0,0.04
IG1BLL35T8,68,12.169887642924763,0,0,0,0.05
9O9MMH2E4R,68,12.169887642924763,0,0,0,0.14
WPFR2Z3BXH,6,12.265102695645528,2,2,1,0.66
UW6DW8SH36,22,19.72323181937803,0,2,0,0.1
UUQ8BI65NE,51,12.169887642924763,0,1,0,0.07
28CGLM37E8,44,12.169887642924763,1,4,0,0.16
HOP2UB0UL3,52,12.169887642924763,0,7,1,0.21
VXDDTDI22I,69,19.15949722296332,0,0,0,0.16
M2AA93U36X,65,11.031963285283648,1,5,0,0.04
5S2SA7GGCO,39,17.74202931298114,2,4,0,0.07
G6BP6AGJTP,22,9.801543643925116,1,7,0,0.11
3WBV3E1D36,30,8.877794837653134,2,2,0,0.04
OGZFUS04WU,86,12.169887642924763,1,0,0,0.0
1K1M7OBMB3,5,8.90071517032418,2,3,0,0.11
5XZJ4HOK0M,74,12.169887642924763,2,5,0,0.08
RA0Q2B4M7A,72,18.61368383069979,0,7,0,0.06
BWUL3E7213,21,7.526048814017846,2,5,0,0.07
NSJ7R2HKGE,74,12.169887642924763,0,7,0,0.02
LEQ2SPHHL6,105,13.803143437153617,2,0,0,0.19
GLTG31MOIR,48,18.75560156080844,1,7,0,0.14
CA2PHT9NWH,93,12.858291118242857,2,4,0,0.0
GIJVMGRJFU,112,15.746051614877238,0,5,0,0.03
2L6HZ6JJGP,11,10.390014709578608,0,4,0,0.06
26HYTQ71V5,40,16.33146641838277,1,3,0,0.06
ASUKOF827I,13,8.32602894657524,1,0,0,0.06
6NWTMMXFNE,7,12.169887642924763,0,0,0,0.39
YW1TQF8ENJ,71,18.392771296096853,1,1,0,0.04
JY57X5TRMO,57,19.25634415105496,1,5,0,0.04
LNQORYMH26,75,5.321912124165693,0,3,0,0.06
GH9A22N66B,106,5.351388480214229,2,1,0,0.07
VN65AE43O6,35,13.459910271890804,1,6,0,0.17
KS9FTKV2DQ,75,13.909022163181207,2,4,1,0.67
WABF53RSD0,36,15.922989831549245,0,3,0,0.05
JCP7F0F4IZ,2,17.12165738657223,2,8,0,0.12
PHPFEBIGBE,86,12.169887642924763,2,0,0,0.0
8YUG2KSKFD,38,12.169887642924763,2,0,1,0.68
O2RVL1WTJQ,34,15.846287805812688,2,5,0,0.07
TWLBEGJPJE,47,15.856125265686966,1,9,1,0.78
JUSSZ0TYNB,25,11.512637969727292,0,7,0,0.04
G7ZUOCOKKN,77,17.084145045683787,0,5,1,0.73
KGINLK6E4A,55,13.28379510486568,0,6,1,0.19
3UBWONJ9HM,100,8.569442146773776,2,5,0,0.02
NOEYROI0WW,34,8.894812618099067,1,8,0,0.11
2639EQOIMD,44,12.169887642924763,0,2,0,0.2
XJSI88BT5K,14,5.651174540935654,1,2,0,0.04
DV417WR3H8,117,15.908995425625095,1,1,0,0.07
VKYYFI9JT0,74,12.169887642924763,0,7,0,0.0
LTP4SEXPBP,18,5.227676036656794,2,4,0,0.11
X2HXQZDL41,76,5.09848179125751,0,9,0,0.16
MYP0E84TGK,63,10.937072836237483,2,8,0,0.05
UOEK0FDKQI,89,12.169887642924763,2,3,0,0.21
D7V1GQP4ZS,114,11.348575137828478,0,2,0,0.04
BP4NVKDHAQ,92,12.7203998263147,1,7,0,0.06
VJPEAO45MX,96,12.846105704818378,0,4,0,0.04
QOKIE06Y78,54,9.033418657188756,0,5,0,0.04
FB0YUU644W,29,6.513702582241343,2,5,0,0.14
VGMSYM5ULT,44,16.200458747880333,0,8,0,0.12
BKKCQWPOHH,5,13.15059559240584,0,1,0,0.11
3VYTTJWF3S,35,14.401350459551212,0,6,1,0.75
6W8ONKVDV7,43,10.873958350397947,2,4,1,0.6
8OHY4PJDVC,62,17.588552489037202,1,7,0,0.09
DB37V024VF,9,6.576820055715689,0,2,0,0.1
LPF96SC93N,118,19.16117966988404,2,9,0,0.05
3DWFDWQTFK,77,5.0746588625433295,0,5,1,0.7
UK3MUKUEJY,115,11.17884017925886,2,2,0,0.02
FOX2BV2O4O,55,12.169887642924763,1,4,0,0.02
3RR2KKLO1L,102,8.08677236248118,0,3,0,0.03
4OUVQSSS9U,83,8.86251816368866,1,8,0,0.0
T9A50KD21Z,116,9.249865017444884,0,7,0,0.11
PO8QJ2Z8HO,19,6.125514978180368,0,6,0,0.07
Y3V5G1HCTY,64,19.15448811979087,1,2,0,0.11
S74Y4BOE5G,31,12.169887642924763,0,8,0,0.06
YZG6NV5X4V,85,12.169887642924763,2,5,0,0.07
XR2V49I6RU,48,8.416702097829532,0,6,1,0.69
TE1OOM5V4T,53,19.3455289215684,2,6,0,0.09
H34GMGSYE2,7,9.1128719429902,2,7,0,0.04
N0Z59F79IY,61,15.76363621062589,0,1,0,0.31
PMZMT39TM8,12,17.03979191644393,0,4,1,0.55
EB38S923C3,4,9.386695923147526,1,5,1,0.6
7S0GPYV37B,42,19.83102139620456,2,5,0,0.1
231LG9INNM,100,19.396173736538675,1,2,0,0.15
XUARYP9U38,80,9.48589020829607,0,3,0,0.03
1JMFNFQWJ0,111,11.562251336256873,2,2,0,0.03
ZC098KOD0T,116,12.169887642924763,1,0,0,0.03
CIAX5QUITW,118,13.87000273722271,0,4,0,0.12
9YWSEVZLZU,82,12.169887642924763,0,8,0,0.1
SOENNLS0ZZ,3,12.169887642924763,0,5,0,0.46
9B218BRPRO,4,16.417615078521955,2,2,1,0.46
01YBG6GK64,41,17.89602978504847,1,3,1,0.65
O7R5D8PQF5,11,12.169887642924763,0,3,0,0.14
WSC1RLBU1U,7,8.525064686729877,0,7,1,0.73
GEWJCYPGI4,17,13.002221873230502,0,2,0,0.14
FLM86XY0XE,82,6.150444199938391,1,1,0,0.06
JWX4CMXFI4,66,12.169887642924763,2,8,0,0.06
9LF5Q2JZR2,70,16.166624326927632,2,5,0,0.03
WQ6NX0CG5C,89,9.530101642872546,1,3,0,0.03
P5RY6QRLHG,24,19.41791573177973,1,0,1,0.8
17TTFHAES7,97,12.169887642924763,1,7,0,0.01
H2BDU1OFU2,110,15.166130422833463,1,1,0,0.05
JC686RQTAE,105,6.150445615319935,2,6,0,0.0
VTJ25VJ28Y,11,8.489214301200647,1,2,1,0.68
O1SK1I75KK,53,12.872527100436292,0,6,0,0.04
247QBESC58,15,12.169887642924763,0,8,0,0.07
8HEN296WKP,107,14.76106866305468,1,0,0,0.05
FX63S23LYD,30,12.54095276364538,0,8,0,0.2
Z64ASRAUTL,47,12.287810225465224,2,7,0,0.14
QWSRP5WYZ7,25,6.595695867663478,2,2,0,0.03
V93W1SHM2S,5,10.4954664985474,1,9,1,0.81
GW7PEJTX4J,45,12.169887642924763,1,9,1,0.77
S4PEXCPIYO,73,19.128705185485032,1,0,0,0.07
1I391AU3SN,38,10.017764099463871,0,2,0,0.04
JQ7BSBM6QG,19,8.457707198909983,1,2,0,0.03
YYRK02CCBH,21,13.66643901296748,1,5,0,0.09
FUDOYZD85H,11,13.170454727648886,2,8,0,0.09
3AFD9MOXI7,102,6.0248019223188605,2,6,0,0.05
GVCL5UK6MS,17,13.522917880226498,0,3,0,0.05
GMVQP14J7R,20,17.110199358778544,0,1,1,0.17
TJGXX1GDMF,97,16.275656988393322,2,4,0,0.01
TCRTN1NY13,77,18.297768967466283,0,3,0,0.04
J851EH2P0G,29,19.61083832624199,1,9,1,0.75
CWILI8TNWV,13,14.366032896784125,2,1,0,0.06
M0H4U2DO74,66,12.388186498385394,2,8,0,0.01
0MQSP0FFYD,97,12.974295464688602,1,0,0,0.13
Y9EZJSHPQI,20,6.27116003064951,2,6,0,0.03
S26SQPQ7U5,109,9.38060851535896,0,7,0,0.03
4UDTGLTDRJ,12,12.169887642924763,1,4,0,0.13
G1EZWACNA8,73,10.16498237620933,1,8,0,0.05
U1AS552699,81,11.123397759642774,1,1,0,0.04
LHJ6RVMAY4,31,15.331898651755688,1,8,0,0.21
2QKQM0YL6O,67,7.47856678253236,0,6,0,0.05
7MCOJBKEGQ,111,12.169887642924763,0,2,0,0.02
FQ8OK74DH7,84,8.259852081869433,0,9,0,0.04
EIEJU2NT4X,8,5.077880532300947,1,2,1,0.74
PEAQVSJN15,91,16.10314786273294,0,8,0,0.1
3NHSEV9BWD,48,11.698094475023009,1,7,0,0.06
C1E00GDFIF,84,5.490695682409158,0,0,0,0.06
SRLYYCTG1N,23,16.440794017445015,2,0,0,0.29
6E2G3DGYJ8,20,11.931644268411391,1,0,0,0.11
YG39BTG0JU,47,7.653821081170681,0,4,0,0.06
KOU9J658LA,17,6.33547577728245,1,1,1,0.35
LNX9DZELIL,78,13.514736458378769,0,4,1,0.69
4UZI6T8G6Z,31,15.094400756754125,0,8,1,0.78
UJIY8VEJUM,82,17.94181603836592,0,0,0,0.02
VJJIIWMC8P,10,18.109325050785586,2,2,1,0.83
JMROOGMJZ2,108,15.764588382509544,1,6,0,0.09
CG6ER9JHQE,42,6.196803944156229,1,8,0,0.04
VTW9ODT2N5,6,11.683048493276289,0,5,0,0.38
0KFIL7C3BI,61,7.2978946698359,1,5,0,0.03
N4572BLAAD,72,12.547130923446543,0,7,0,0.06
Y2J7XGKB5H,23,6.603572552302075,0,5,0,0.04
FFPQV1LUXI,109,6.469235518229604,1,8,0,0.02
MR045Z9MKS,89,18.09509181209815,2,9,1,0.74
NGBJ5DCVMT,12,8.112030042805706,0,3,0,0.14
3PSTBL1FKV,111,19.708103285885503,0,6,0,0.24
UIGGYO790T,19,12.169887642924763,1,6,0,0.09
3BOFFMJ30P,104,10.553373362146877,0,0,0,0.08
O5H136RJQH,65,13.219029420381702,1,3,0,0.04
HDKULA3MU9,38,12.128170590480387,1,7,1,0.19
RYCLOFFCVE,84,12.169887642924763,2,3,0,0.14
YIVE925TC8,119,12.169887642924763,0,5,0,0.08
930R5P83Z6,46,12.539807289339716,0,7,0,0.15
MJZRU4WA8S,60,12.169887642924763,2,6,0,0.03
10Y170E0E1,93,13.756863302716996,1,6,0,0.03
59X4IH1HIC,51,10.88024151511978,0,9,1,0.65
H62649TX8P,111,16.650779385143807,1,6,1,0.68
0HYI0IZ5N5,109,7.9519056979414735,2,4,1,0.03
DM97EUKZWZ,62,11.613770448804424,0,9,1,0.76
08AXOX9Q5Y,7,11.90562625011125,1,5,1,0.75
DEN7OFO4CL,25,5.446858713336654,2,7,0,0.33
3S7TJ4OCWW,100,6.250829967058317,0,7,0,0.01
MC56T2MJWG,39,12.94831049965256,1,0,0,0.06
YXGYWNE4G0,32,5.673069670663678,2,8,0,0.08
JK3GWWWS0B,66,15.18451374519882,0,9,0,0.07
7RES9FLX3B,46,9.46254347525892,0,9,0,0.02
GLSECWZZV2,2,11.063221012489796,2,9,0,0.13
6CRFO1SD3P,26,15.004693882880858,2,8,1,0.77
D0WWQ6QFVV,55,19.739151788367288,2,7,0,0.18
V3IJEAKL9G,42,8.543056401652116,0,4,0,0.01
6HN2NKHUWW,45,15.89910740818408,1,5,1,0.6
3L5C58W61A,71,12.169887642924763,2,5,0,0.06
VWFVDQSNP5,27,12.169887642924763,0,0,0,0.02
D8EY1Q6P8M,58,11.134897437887158,2,8,0,0.01
813JVSVGJS,26,14.805415349371136,1,2,1,0.78
E1KS2MG1T5,14,12.169887642924763,2,4,0,0.38
OYTFDPJFJK,47,12.609980963237437,0,8,0,0.05
ZDB8N9OOU7,52,8.167808887347096,1,7,0,0.05
8KFJMLYOAR,111,9.58299437737957,1,9,0,0.08
4F8NXLFK5A,18,9.684320200402254,0,1,0,0.09
WGI5Q7SPLU,21,15.05080528127012,1,2,0,0.07
7CLG7V9FT6,51,17.80723608158639,0,4,0,0.12
VGT7YQ7HL4,83,9.158194968311731,0,1,0,0.0
OCNFAKLQ66,18,12.169887642924763,0,2,0,0.17
R0XBS593DJ,107,7.215803381895304,1,8,0,0.07
397FZL8VXN,59,6.005334498076856,1,3,0,0.03
WZ96LIYVTD,95,9.49706883032632,0,1,0,0.03
FVEM980SI6,111,7.271541033117109,2,6,0,0.01
TJ373DIINI,3,12.169887642924763,1,3,0,0.04
OE1KL6KE9J,44,10.00586431344869,1,4,0,0.13
835MUU22KN,68,6.169332571035502,2,1,0,0.0
SQNAPFWFZ4,35,18.394076547872267,2,0,0,0.03
09BUGRJ6R1,67,12.169887642924763,2,5,0,0.14
JKBPRJT417,88,5.852336418746663,0,2,0,0.04
3WSAVAYLAE,78,9.858911022127437,0,2,0,0.0
LKTC3FUN2H,30,15.22878407909648,1,3,0,0.04
BW04WZ17AF,11,10.25579309964404,0,6,0,0.06
SZCUW787WR,4,18.25320927093928,0,4,1,0.75
XQUZHSSW1W,31,9.511391461152986,0,4,0,0.0
T521EXEC0M,71,9.61110632824244,2,8,1,0.72
BSPLI7MAZX,44,18.31361954189992,0,4,0,0.06
Q4F38Y6G37,12,19.468376274803965,2,2,1,0.67
0ERUR0OI2Z,45,8.535025035144919,1,9,0,0.12
YKMIJJM7V1,103,16.191504526594457,2,0,0,0.08
3XLDY62QGJ,53,11.133530262687218,2,6,0,0.08
R58BC7BZGC,30,12.169887642924763,2,4,0,0.14
2KCX0GI5S5,103,10.902726465229016,0,7,0,0.08
E1KOX7V8HN,39,9.306575934435838,0,2,0,0.1
0454D52GA9,77,12.367104035316457,1,5,1,0.09
859P7LP91F,95,15.420976074640286,1,2,0,0.04
BLE0HCSEGY,53,15.30000654501873,1,1,0,0.07
QQTWQYWN4I,92,12.169887642924763,1,6,0,0.05
6Q1FUR0T03,19,17.978967734122225,1,9,1,0.83
910BY5X074,116,12.169887642924763,0,8,0,0.02
0YBHSG2GY8,30,16.75241505137455,2,7,0,0.1
02R275XG8J,112,15.737571826976708,0,4,1,0.11
U0UL9XS0N9,58,8.602079216750216,2,9,0,0.11
X253A34RU9,39,14.488662001140652,0,6,0,0.26
GIHK55VQKM,117,12.918758525878266,1,0,0,0.2
ZCUH944GFZ,30,18.605430591120047,1,1,0,0.06
5OGPWADZYJ,12,11.819555283330356,0,4,0,0.13
JZTGSH97RU,77,11.78972003656379,1,8,0,0.13
X2XPC00S6V,53,12.169887642924763,1,4,0,0.12
VGPS5IT1V7,12,12.169887642924763,1,1,0,0.26
QE4W7NPEVF,46,17.409347479063282,2,7,0,0.29
4JG089DBKP,40,6.495741721584636,1,6,0,0.03
TXSOM0H7WT,37,12.169887642924763,1,1,0,0.06
G5WPSQ2AX8,51,17.15209376151642,2,7,0,0.17
MXA3XRGFW9,68,8.693594813925195,1,4,1,0.11
RRU9FK10PW,60,13.550463172904667,0,0,0,0.04
1D6YFESXMA,89,16.923043683983046,0,4,0,0.19
YO3DN6CUF1,90,14.691561445128224,2,2,0,0.02
R55MGS9J8L,21,12.671234411987644,0,5,0,0.05
8ACY752WPU,101,18.8892130081331,0,3,0,0.04
MAQCGMBK9K,13,6.942863889051568,1,7,0,0.13
INOT52B77D,69,10.93677637149666,0,1,0,0.25
U6X59KIWMY,6,8.943697609186108,1,2,0,0.13
O6AP9WOUQC,84,12.169887642924763,2,4,0,0.07
P0GJ7ZI3B6,113,14.91166380368705,1,0,0,0.25
TH7YICIOE3,38,6.161191279151719,1,9,0,0.12
FQAF6G3KWG,71,17.022695553948573,1,3,0,0.18
55MPXFGRV1,47,12.295489604078044,1,8,1,0.06
5Y5SYHPLPX,89,5.777726684998878,0,1,0,0.06
RWJWNTW96I,28,7.045750020158204,2,0,0,0.02
XOLANQ6E9D,4,14.357208097592782,1,6,0,0.07
832SOLAJK0,37,13.540959464830667,2,0,0,0.07
9HSN0PBSUQ,29,13.944825616373654,1,3,0,0.12
A2YI6M5S44,17,12.169887642924763,2,0,0,0.04
1199B39JCH,18,6.312103057383606,1,1,0,0.03
T0HMP0YDL6,78,12.810608063717067,1,5,0,0.11
WPAHXXG75J,110,16.33463273436263,2,6,0,0.07
7TX97G2FJD,15,11.886352151746015,1,0,1,0.74
4XCANEYONJ,81,19.42702648324201,2,0,0,0.03
QCO4MMMN4A,113,16.181122972898017,2,2,0,0.04
W3QPZX9X20,99,7.886022735144929,0,7,0,0.09
1LRJGKXNJQ,44,19.3659579841283,1,1,0,0.2
8H0AA828XV,37,7.516571459650505,2,2,0,0.02
GZLA2AE2N2,35,11.665849331201072,2,9,1,0.7
6FTG9HRJ8K,75,13.089928973451547,0,3,0,0.05
UQNTQK2SYD,39,18.220246199829223,2,6,0,0.14
TKSZ4GKT53,3,6.459340367023224,1,0,0,0.13
RJJQZPQRDB,102,8.758889234363963,1,7,0,0.06
B9HJST3XDG,9,6.247002307656489,0,9,0,0.05
CHEJF0XK33,41,12.169887642924763,2,5,0,0.06
PHZ1LJTZ4F,75,12.169887642924763,2,8,0,0.11
UDGGTAR7RL,57,12.23736133959482,2,5,1,0.74
0AAHDVJ96S,79,12.41304339760471,1,4,0,0.04
79UVJRPXJ5,33,6.173189358605652,1,7,0,0.04
HJ5ZOU6JWU,5,9.035767644835174,1,8,1,0.87
P8A4DLLKN7,10,10.173563623414314,1,2,0,0.04
0WJL917CT0,87,13.380814310234934,1,5,0,0.03
QVSRVL2M09,84,19.69380578991915,1,9,0,0.3
KDIJLPEI1Y,54,12.169887642924763,2,7,0,0.1
9NTGHZ9TGX,54,12.169887642924763,1,7,0,0.12
37B61QQ92N,115,12.132596009075437,1,7,0,0.17
LWNMWJXIF6,18,12.169887642924763,1,7,0,0.11
6PWPTO3310,69,11.271246201474336,1,0,0,0.03
A3DSYHZCRM,50,12.169887642924763,1,6,0,0.23
C8UGOOCR0V,49,12.169887642924763,0,7,0,0.05
POH62X5HD3,29,8.754356436464716,1,5,0,0.24
PU0ZLQV83H,42,18.462689874168056,1,7,0,0.06
7YJRMU8IHU,35,11.361577279665612,1,3,1,0.69
FHLTJAE6PE,2,12.169887642924763,2,7,1,0.75
TJFQ6VTH0W,55,8.777524559409777,0,2,0,0.04
5JE8TNAGV7,45,15.640837994718348,1,0,0,0.0
CLK7PITE3F,45,13.018414589781786,1,3,0,0.03
JR4I6N1XCD,30,18.127027593716107,2,4,1,0.72
IO4FXNJJFD,57,18.50361530331145,1,1,0,0.05
W7D4241YI4,16,17.174062104575885,1,7,0,0.11
JWFHX57IJ6,69,5.465949656937226,2,8,0,0.03
TPC12VSFSX,28,11.984357268497996,1,6,0,0.08
219ELSD6DI,21,11.806666582716582,2,7,0,0.05
072JPNZPAZ,41,15.972535450815846,1,7,1,0.8
CBE8CTCQZO,29,18.86288896471364,2,8,1,0.79
H9TN9RRK7N,67,7.441111806094198,2,0,0,0.03
SSWHV72ZR8,112,14.453404465144589,1,5,0,0.06
SPMNYWXERK,88,8.58689776769522,1,2,0,0.07
VU09UHO7V3,118,19.932542223026264,0,7,0,0.05
Z3SM5F00BS,100,12.70905319455604,0,4,0,0.1
XX2AGQSBWD,13,10.76946294130206,1,7,0,0.07
HL9JPA7VIH,82,9.730639205685454,1,7,0,0.02
CU32J581K7,54,12.169887642924763,2,4,0,0.04
M3R94942XC,82,17.874148721534013,1,2,0,0.07
R97DTIXD35,105,16.785891858577024,1,1,1,0.73
GG33W54U0Y,56,8.284462144571123,2,0,0,0.02
DR9FL4MR0T,25,12.886908622927002,1,5,1,0.7
YEANJUSLV3,77,17.14446929215201,0,1,1,0.77
EYLVDB5EN4,50,12.347505163224936,2,0,0,0.06
1W9TN1WH0B,42,12.169887642924763,2,4,0,0.16
CRGSIW3CLV,46,12.169887642924763,0,3,0,0.05
6I8NWGDU2P,102,14.74739357269243,0,6,0,0.05
OW1RMEE8HM,30,8.943443946747923,1,1,0,0.06
PHCP2XFUON,106,18.3886252254616,1,6,0,0.08
B1872RY7MO,51,9.9502322505367,0,5,0,0.05
GGPMOQCQYO,42,17.574303724061323,1,1,0,0.04
GAUOWDRE1L,28,12.169887642924763,1,6,0,0.09
RUESYFL42K,61,18.41882626464244,0,7,0,0.03
KQ0TIYK631,55,15.329939359735937,1,9,0,0.28
ZT43LLTR4W,70,16.88768850303936,2,8,0,0.07
7VKO4UY0SD,100,14.175192584264028,1,0,0,0.02
ULPI3HS6F4,93,17.11512228297598,1,8,0,0.07
858YZHCFEK,36,12.169887642924763,2,6,0,0.09
P13YS7C615,48,12.169887642924763,2,2,0,0.04
QCSKM3P8JD,9,16.017747788007064,1,9,0,0.32
T4JLWIQQL5,17,18.730905637662275,2,6,0,0.14
HL0P6CJ8FY,39,16.51309811498524,2,7,0,0.08
F2M1PZ1BWL,8,19.535340938491306,1,1,0,0.13
4N4TO6A3WY,37,11.007934117185766,1,7,0,0.1
84X0FU6UO7,58,15.408730571575964,0,5,0,0.06
UAIBXDY84R,66,6.690906123787378,0,8,0,0.0
3Q9JIF61JC,93,7.851137321488951,2,8,0,0.08
GC0LO4BFRQ,78,12.169887642924763,0,1,0,0.05
N256J62BNX,102,19.36762316994069,1,5,0,0.08
JTO0YRKRKG,41,12.169887642924763,1,0,0,0.17
WX1L0ANKDJ,12,18.50490507941789,1,7,0,0.15
EXHW66PX88,107,12.169887642924763,1,0,0,0.02
TGQRIG46C4,45,12.169887642924763,1,5,0,0.03
I8JTRUZW40,52,15.567848062773466,0,1,0,0.18
JKHTU3M51L,112,12.169887642924763,2,7,0,0.37
EV17GLSSYW,110,12.169887642924763,2,6,0,0.11
VFEUCECPWW,79,13.906986256727516,1,8,0,0.12
W946AC85BZ,107,12.169887642924763,0,4,0,0.24
WXV45LT3VI,3,18.472040094948348,1,9,1,0.62
XLZZQZYQ7G,63,10.76693076232878,2,6,0,0.18
2GT7QCMI2X,44,16.821920316714703,2,1,0,0.09
QRHDMVN5AI,43,15.873336347968715,0,9,1,0.78
EZ8J70BYZ1,114,19.806556196005864,2,6,0,0.07
TDFQEY6W68,32,9.05838976984664,0,0,0,0.03
CYZ4FB5F05,45,16.058045340558344,1,4,0,0.07
7VOS3WL1AL,115,10.590577350878522,1,8,0,0.06
LV2SCYJHMS,96,12.408432110009365,0,8,0,0.05
B5QW11B018,99,9.793680203551146,2,8,0,0.06
TJV7BO0136,95,12.169887642924763,0,6,0,0.04
Z0D25GG54V,60,17.20340013360117,1,6,0,0.28
YTQG35GRHD,79,9.916439770923317,1,9,0,0.07
SAUK1QUYC8,76,18.228749310392,1,6,0,0.06
BDM9MK60WD,71,11.505491981045244,2,5,0,0.08
CA2E7K8D48,116,15.804795413743673,0,7,0,0.0
83HR5FUAIO,9,5.88888449430368,1,6,0,0.02
4Q11JWWSOA,11,18.42556521547127,2,8,1,0.81
CN4TFDDQ6J,116,9.24155325777912,0,5,0,0.07
Y11JA4RDOE,89,8.128143967292758,1,2,0,0.0
KS1OG3JNYN,41,5.673256296977358,1,5,0,0.06
OGYQEMT44Z,51,10.888488236270424,1,1,1,0.6
DBH1U6MA20,109,10.521429643206249,0,1,0,0.02
UJ3FKH6C13,57,11.648783689797504,1,8,1,0.63
JMQN67BIMY,93,12.169887642924763,2,1,0,0.02
R6ASORQIRB,108,12.169887642924763,1,6,0,0.01
M5H1KWNAUC,29,10.041580012031671,2,8,0,0.09
JVD1KRVB4R,42,8.839327688260402,1,9,0,0.05
6B5U1EXE68,19,19.532288150542463,1,1,1,0.79
R3AW7SZUHS,4,9.468435677416108,1,4,0,0.05
Q51ZQ7N9KI,88,9.995420833753832,0,5,0,0.0
2PJF89J47A,76,7.802205440848072,1,2,0,0.0
QZTEHTNDM8,48,11.10092719114806,2,8,0,0.05
FUFAHU0CWS,1,12.169887642924763,2,1,0,0.34
OO1YZVH187,67,12.169887642924763,0,2,0,0.12
IV0N8RP456,52,15.952221270731322,0,0,0,0.06
2S6L3J7USY,92,12.169887642924763,0,6,1,0.75
F4MGEQABRA,13,7.570494017103376,2,4,0,0.09
36TKK1A9XM,57,7.283573469093156,1,0,0,0.04
GPK9OAORP0,12,13.549634254136418,1,5,0,0.07
QEKERMMJ07,23,13.67518419979022,2,0,0,0.07
MGSZTK52BL,57,10.571768132112284,1,3,0,0.05
004B8RP449,42,12.169887642924763,2,6,0,0.21
MKL4EPBML1,67,12.031833954148937,0,2,0,0.04
ARV1S2HQ6T,87,17.72450454601256,0,2,0,0.05
AUMCDRSVRZ,113,7.929160051026665,0,9,0,0.12
33QCC94DU4,45,11.49057208046079,0,6,0,0.01
5V8HQQ1ECK,81,5.211851700402225,2,6,0,0.06
2UA9EKBZM0,104,12.169887642924763,1,6,0,0.05
FW9LTMVJ04,118,19.08891935433728,2,4,0,0.06
EYJJVKHIKS,32,13.824709483636664,1,6,0,0.06
3FQXJHY81A,38,8.113105609387311,0,6,0,0.01
7Q64IRH6YJ,66,10.079746082536577,2,2,0,0.04
MMABKI2UBJ,17,18.27481887524604,1,6,1,0.77
351NBR30YF,28,16.83699627734166,2,6,1,0.76
E3BD6SLJ6I,42,8.859180184891613,2,0,0,0.07
OI9M304RG6,23,18.22696679989289,1,3,1,0.66
TDAUN2M912,53,14.333418023056076,1,4,0,0.12
GDITS6LT00,114,12.169887642924763,1,1,0,0.03
E6YC908LYM,18,12.169887642924763,0,2,1,0.71
UMIVADTTU5,4,7.2210535535045235,0,3,1,0.76
B2ABE9B1FV,17,7.477853226941878,0,2,0,0.19
4WWNPKGVPQ,70,7.310248631884635,1,7,0,0.04
HLX07UI6YP,54,12.169887642924763,1,3,0,0.02
4JN5D6JP1T,66,17.749151677074032,2,3,0,0.05
Z0R3UR81PR,39,14.702130713222845,0,1,1,0.67
BL2SUNOQSK,114,12.169887642924763,0,2,0,0.02
18EPJAQJKC,61,12.169887642924763,0,1,0,0.15
L30HY2WGQQ,70,5.093756277048431,0,8,0,0.05
OFE46ZBD5E,105,17.276277929183994,1,8,0,0.09
UODLJT2O3W,32,5.245283552011579,1,2,0,0.02
X4T5L3ZT4Y,22,12.169887642924763,1,6,0,0.11
K40UHGHJUF,19,12.169887642924763,2,3,1,0.73
05T3QGK1J2,6,12.169887642924763,2,3,0,0.11
LAAHWRYK4C,96,16.46477498824743,1,4,0,0.03
V6KBN10FVW,42,8.035885097774784,1,4,0,0.05
2RRYQ07KET,74,5.961468954536178,1,1,1,0.24
3MMW9PUSJH,118,12.169887642924763,1,1,0,0.09
ZN8J3FMTFQ,107,13.25439128691577,2,7,0,0.05
Y1LFICRZB9,52,10.704133830860156,1,9,0,0.13
MOQOTWQRGQ,52,12.169887642924763,2,8,0,0.05
I47RROYNVD,94,12.169887642924763,2,5,0,0.02
KA2PBJ9FC9,96,12.812747669735254,1,8,0,0.1
DWQ2AA1JKB,76,12.09684529890062,0,8,0,0.04
0JMBL8XPEL,27,5.72747857967302,0,4,0,0.05
IJKVWZPK95,29,16.972230756886383,1,9,0,0.22
L8DGHTC96R,113,12.169887642924763,2,3,0,0.01
VN73HNYTBZ,67,12.169887642924763,2,2,0,0.09
QRF8NNPDUQ,110,5.268163547062501,2,2,0,0.01
CKH70MMPY0,86,7.141821004321254,0,4,1,0.1
E9MSO5ZLWX,100,11.3228994271988,1,0,0,0.01
GNMVVKE9AD,105,6.33156334221983,0,6,0,0.0
LHORHJ5CMR,93,12.169887642924763,0,7,0,0.16
748CEDNQ7N,34,18.847231639568484,0,9,1,0.78
JMQU91QOK5,44,6.43312771662943,0,5,0,0.11
YC0USCD8ZC,77,13.068920638137596,0,8,0,0.05
ZUGZQS1D4O,24,9.829060997277416,1,2,0,0.1
W7M8QIONQ8,36,12.169887642924763,2,8,0,0.04
WCPOUTNE4A,97,7.161833419428012,0,2,0,0.36
XSQECK6Y8Z,46,6.995226174709426,0,5,0,0.17
4GR6A63IK9,2,13.726103123472871,2,0,1,0.78
7I4V3PQSKY,62,5.45301640094012,2,0,0,0.05
ZW3M3GQL1C,91,9.033717816100356,0,0,0,0.05
BLIMGHIRDU,29,12.169887642924763,0,5,0,0.05
BQ83ULZAP2,14,12.169887642924763,0,1,1,0.68
4NSDCDH0NU,101,16.067170222275912,1,4,1,0.6
E0VIEOT4W2,19,11.951758836464982,2,8,1,0.71
ZOQ2A1G0KN,30,15.61681234452427,0,7,1,0.78
D9ITUT7CDE,50,5.635360920239767,0,0,0,0.07
I83BWHNJ7H,7,11.88845807903719,1,1,1,0.68
41SCZRK5G8,80,19.840652295422387,0,0,0,0.02
OP9E6UTDRH,15,9.313654824903718,2,1,0,0.14
6LNGPCGU6U,23,5.210044251013108,1,1,0,0.04
R6HJPBHQXL,24,12.169887642924763,1,8,1,0.76
H6G7CLPEOV,44,12.169887642924763,0,8,0,0.03
EC0MXXWC5U,46,5.6775595430155725,2,3,0,0.03
LO3HH3LSBR,3,14.834273649113246,1,5,1,0.72
FZQBYD4YXB,65,13.663619773580006,0,0,0,0.02
85KCPLQOUV,54,18.223020013274613,1,3,0,0.07
2I05Y9K6A3,25,8.605401850262403,2,4,0,0.04
1XT4I40S5F,36,14.727699614024386,2,5,0,0.08
DEAE3UQSNM,68,11.556293158081845,2,1,0,0.13
ZI10E6KUI1,50,7.965923442112078,2,1,0,0.07
0J65J8ZEYZ,7,9.10911597180913,1,9,1,0.8
SYPKHFAYL0,15,12.169887642924763,1,0,0,0.2
NOIU6GTPEJ,66,7.030999302959781,0,8,0,0.03
97XB60EECA,105,10.428425932317475,2,0,0,0.0
XSLFJ6PWQ1,58,16.448899230433653,0,4,0,0.05
DIZF4DENF3,48,18.473578670347017,1,7,0,0.09
O5ZDT1DQHE,93,5.377942800189698,2,3,0,0.0
KN91KJOZ0V,55,12.169887642924763,1,0,0,0.05
9DJA7UWNRY,38,13.644485557842,0,2,0,0.06
JE3IYF0T9U,4,10.167168835179318,2,9,1,0.43
OIAQL2QYGG,59,11.191873604710356,0,7,0,0.12
IQGDVUTH1A,20,12.169887642924763,0,9,1,0.77
I207TUG0KM,18,16.45057086795851,2,0,1,0.78
ZH7FHVU54K,33,12.10710840218011,1,3,0,0.12
XULHYILD5D,34,11.893464065115673,1,1,0,0.09
RYUI179Y8A,61,6.026472048644408,2,0,1,0.67
1HUFJE30MP,63,7.236672562203157,2,2,0,0.04
865JXFL5DT,81,12.169887642924763,0,7,0,0.03
BBPD8PXDS8,46,17.97246664901798,2,1,1,0.62
EEJPB6NUKT,68,15.021124295062595,0,6,0,0.06
PJ4M8Y1SLF,57,12.169887642924763,1,7,1,0.65
6JHZUUNS6F,49,9.497391159446444,1,3,0,0.04
ZG6GHKKJTJ,28,12.169887642924763,2,8,0,0.18
A38BXLZFG5,12,10.267024115289283,2,6,0,0.14
FCYV0RMGGH,52,9.56925192487148,0,7,1,0.62
S8RUGU2TT1,89,7.89794262204248,1,1,0,0.02
0OVVE3JH82,112,12.169887642924763,1,4,0,0.04
S0J6M26YM2,24,8.97197742727109,2,5,1,0.64
D4GNA7HN2B,62,6.717571577417514,0,0,0,0.03
QVY17DN8TB,53,13.796968122196196,0,7,1,0.62
7YF1W86QVW,56,8.580161795742784,1,0,0,0.01
IAQACNDJPZ,19,11.086969166308856,0,6,0,0.1
0CKYTVMYNQ,37,12.169887642924763,2,7,0,0.02
8ZUO60XHXV,87,6.929137223373617,1,2,0,0.08
BZ29XV8U8A,17,15.24616792777806,2,8,1,0.73
2XDH7GJX5Y,100,6.194768385022437,1,4,0,0.03
0SXOQHY16F,32,13.413312925105906,0,0,0,0.01
NIY2GMF2P7,57,15.125670896980788,0,1,0,0.06
4KUAPZIXXX,83,19.17091734783808,1,1,0,0.07
63TXUMGZEY,58,6.088395537588195,1,9,0,0.04
X4VY6I3PJW,1,16.61385980580431,2,8,0,0.13
XZHYYTYKZP,25,12.169887642924763,1,7,0,0.16
YOJ1ZQ1BS9,63,17.160456721868847,1,6,1,0.77
UXKA9SI1VK,83,10.633719223036586,0,8,0,0.07
NM9A07YL8T,42,16.851795274408385,1,9,0,0.09
YPDDAT472X,84,9.654113276967037,1,1,0,0.02
RG5BT59TSQ,81,5.782260772220708,1,9,0,0.06
HXI1T926HT,7,12.169887642924763,1,5,1,0.71
3QHH5N0SMX,76,19.171295139814923,1,9,0,0.26
BWEJAOVD4N,76,15.613291604617954,1,1,0,0.08
GEO4S6LW6F,83,15.320444931808426,2,5,0,0.09
HVTKQVJ35Q,11,12.169887642924763,0,0,0,0.2
9RIM5KZOFR,13,12.169887642924763,1,5,1,0.74
4CSAWHBVYB,37,7.805623637218069,1,4,0,0.18
3VN4IEGRX0,50,12.26393773019619,0,8,0,0.05
RMKH4RCEPH,87,15.293299783358655,2,1,0,0.03
ZGNFT5DE2U,81,8.724399302377186,2,3,0,0.05
8JFG46P4DI,66,7.346079666646233,1,6,0,0.1
H8L9N4QB09,74,9.43781076824306,0,4,0,0.03
NE99BERPWD,9,12.169887642924763,1,6,0,0.05
RGV4ARCAM9,112,9.044336341922506,1,5,0,0.04
LSSD4A6071,114,18.58929548125782,1,0,1,0.7
2LHSYTBGDY,23,12.169887642924763,2,0,1,0.28
75DWZ5BMES,48,8.518988576166583,1,6,0,0.12
7X1A8MVC6H,62,12.80463684246032,0,2,0,0.04
HDSVVRSVYW,40,8.100566016166038,2,3,0,0.02
SGVK4BY90U,48,9.795775590848226,1,9,0,0.09
M17O68X6HV,13,8.169878525459286,1,8,1,0.73
MJ3AWUQ1RP,119,18.66030267317305,0,7,0,0.09
47B8J9R7IW,97,14.468636101796154,0,4,0,0.05
YNYX6I7JGL,87,15.72051483589021,0,5,1,0.42
VIS42YVY6T,38,19.4685854699855,2,5,0,0.11
UWQPVJKEHL,35,6.119447025206686,0,5,0,0.06
5YHNJW24TR,49,12.169887642924763,2,5,0,0.04
7CP0C29330,118,12.169887642924763,0,1,0,0.09
CYIQEL1OMR,43,12.169887642924763,1,3,0,0.03
P1D45PO9WM,8,16.346312165302493,0,8,0,0.07
S7SVBZFBRZ,79,12.332243023294645,1,2,0,0.02
FLL7Y9S2WJ,48,10.116100244982,1,3,0,0.02
DZIRRTHROA,41,7.697484339403797,2,1,0,0.03
LZ690EDPGX,16,9.660231771406778,0,3,0,0.06
MH47C6FKX9,75,7.010977173289355,1,6,0,0.05
XEYW0RSU34,52,12.169887642924763,2,4,0,0.02
FDFB7L32VR,75,19.34082521280084,1,4,0,0.04
F9S9WFH5VF,97,11.453397386110332,2,4,0,0.07
5N0YEXAGRQ,74,7.602144071842565,2,3,1,0.77
LXQVWUD3LF,76,11.428481381686373,0,0,0,0.08
T7RDNUG3BH,35,17.375820876185465,0,0,1,0.66
FZ0A1PAIWB,80,9.742106349021029,1,9,0,0.05
FWL8RM0VAN,10,12.174450329784332,2,6,0,0.09
F2T25IOWN0,119,17.394537051405678,0,4,0,0.04
8PZ2CV0IEC,67,16.409418730511845,2,8,0,0.07
KI95GUWDMD,98,8.761199058133021,0,5,0,0.0
3XFQPTDDK3,38,12.169887642924763,1,1,0,0.05
HJKEU4KFV9,41,12.506408128611753,1,7,0,0.04
49523UVBSE,26,16.918758032928643,0,0,0,0.19
JFZL1GHYRD,46,12.169887642924763,1,6,0,0.05
HCMFSYUOF0,75,12.169887642924763,2,0,0,0.08
9NQ6JK6L7Z,3,12.169887642924763,0,2,1,0.72
VDO5F10MTI,110,14.299943302280411,0,1,0,0.16
LCDZUAYJBH,94,12.169887642924763,2,1,0,0.0
EXYKI1E5YL,32,12.169887642924763,2,8,1,0.8
XQ4HVSCDCM,85,19.629535082931618,2,7,0,0.09
MPDP87MUC2,53,6.237270198662244,2,7,0,0.05
2EBQYCPE00,57,16.572825804692535,0,0,1,0.69
RYPMZ9E3ZE,115,9.44720879441893,1,8,0,0.09
18LPIZE84V,94,17.41557855024529,0,5,0,0.11
WAQ2VJ671K,72,12.169887642924763,1,8,0,0.06
TIR2CTPX3Y,6,12.169887642924763,0,0,1,0.76
LJ7YIOIQ8O,49,11.73719351997646,1,5,0,0.06
DRY65HJYJF,99,18.241780132268023,0,8,1,0.69
61TEGKN0JT,98,18.172489536572648,1,5,1,0.73
GB5C599BHX,93,11.591626775908168,1,9,0,0.02
GAD9QENDJP,22,15.047294014300212,2,2,0,0.02
0H6SW4L2JT,27,10.419713316442715,1,3,0,0.1
3XASVI6VZU,116,12.169887642924763,0,2,0,0.22
7N458Q2VJ9,95,12.169887642924763,0,7,1,0.77
B47D7ZRN5Q,6,19.313348490273487,1,9,1,0.86
SDSYBRHCRS,42,12.169887642924763,0,7,0,0.03
FXL8RXA1N7,57,10.700071300441165,1,4,0,0.04
20FYG5204L,108,12.169887642924763,2,7,0,0.03
XQ66H2G361,97,9.275469161256703,1,9,0,0.15
H31DZM06UI,5,12.169887642924763,1,8,1,0.51
I92FCYHJRW,53,15.094880978650222,2,5,0,0.08
Q0XR35SRFZ,3,12.169887642924763,2,0,0,0.09
081DU40029,97,8.86534595662221,1,7,0,0.1
PYTSHOQHIY,104,13.302751965512124,2,8,0,0.04
B2YAQB8M5B,92,15.99102054046791,1,4,0,0.02
QAR0F5EHQT,99,5.716633957107561,2,3,0,0.03
UA4P20Z35A,29,10.535922040821706,0,5,0,0.1
DFYIN9SBFQ,108,19.57058537899428,1,9,0,0.12
A0ZV2NJD9X,55,5.064326266062354,0,7,0,0.14
D44UGN4HSJ,36,16.416916087139718,0,6,1,0.77
2PCMQ70B00,58,17.122091946753876,1,0,0,0.09
H5SZ7FES61,119,5.922800209448687,2,9,0,0.02
2LHY33J41C,45,7.479918812519841,2,9,0,0.03
IADZTAW7PN,39,12.169887642924763,1,0,0,0.07
U4L19VWPAW,64,7.779872893624516,1,1,0,0.1
I3YN48111X,39,14.97751789987514,1,7,0,0.11
GTF8FMBELG,103,18.31611549509398,1,8,0,0.14
36VG8O8R82,90,12.169887642924763,2,0,0,0.02
B2O7QXR1VY,68,5.966453809321745,2,0,1,0.72
U9BUACNBVB,94,13.779898251867593,0,9,0,0.04
L3IQ89UYIM,67,11.078568840068158,2,6,0,0.08
CAERHO9CBV,22,12.169887642924763,0,8,0,0.22
Y0NLNJZOI5,51,8.590204518149863,2,0,0,0.04
9A8V2LAM27,85,12.944821712929851,1,6,0,0.11
OMOD8DEUJP,58,14.443932666398458,1,9,1,0.57
EBUK0C1O5F,60,14.621330496991154,1,9,0,0.07
LA8T15GZS1,33,10.71866853810896,1,8,0,0.11
XFT37HHKZM,30,19.134414741165948,0,2,0,0.07
074PZ3GZSG,39,12.169887642924763,0,6,0,0.19
7DF2M4MUWP,74,15.438334325946917,1,7,1,0.09
ISLQAOC57C,102,11.545435934359386,2,4,1,0.65
XW3KL8GLF1,63,12.169887642924763,1,2,0,0.06
VXNUELDYR3,29,12.073900615262176,2,3,1,0.63
ZZ2AOBLX7L,30,12.169887642924763,2,7,1,0.29
V6AQDF5VM3,23,6.9039774734815085,0,4,1,0.14
GEF3YMDT2A,22,12.169887642924763,2,7,0,0.08
GI2IWXABN1,24,12.169887642924763,0,6,1,0.77
BETP55JMU6,61,14.677420566201192,1,6,0,0.05
F3J0NDUXFC,4,18.01716462735804,0,8,0,0.19
075CHHJWHL,16,13.457624278204095,2,7,0,0.41
0NW335BLQM,56,10.054228198590238,0,2,0,0.12
AV3ZDGUB4C,83,5.1571310080183705,0,9,0,0.05
15GWB8NVG5,67,13.149346008720546,0,1,0,0.05
6VUYH24HVW,119,8.575779675169146,0,2,0,0.1
X1OE7MMFDL,57,15.908850764692438,0,0,0,0.08
WN959MJRVK,42,5.31960175008004,0,6,0,0.01
